Workbook

Sheet Registro Semanal
B1: SINCRODENT — Hoja de Métricas del Piloto
B2: Laboratorio piloto · Julio – Septiembre 2026 | Llenar cada lunes con los datos de la semana anterior
B3: Semana | C3: OT registradas | D3: OT estimadas (total real) | E3: % uso del sistema | F3: Deuda cobrada ($) | G3: Deuda pendiente ($) | H3: Minutos ahorrados | I3: Notas / Incidencias | J3: Quejas o pedidos del papá
B4: 21/07 – 27/07 | E4: =IFERROR(C4/D4,"")
B5: 28/07 – 03/08 | E5: =IFERROR(C5/D5,"")
B6: 04/08 – 10/08 | E6: =IFERROR(C6/D6,"")
B7: 11/08 – 17/08 | E7: =IFERROR(C7/D7,"")
B8: 18/08 – 24/08 | E8: =IFERROR(C8/D8,"")
B9: 25/08 – 31/08 | E9: =IFERROR(C9/D9,"")
B10: 01/09 – 07/09 | E10: =IFERROR(C10/D10,"")
B11: 08/09 – 14/09 | E11: =IFERROR(C11/D11,"")
B12: 15/09 – 21/09 | E12: =IFERROR(C12/D12,"")
B13: 22/09 – 28/09 | E13: =IFERROR(C13/D13,"")
B14: 29/09 – 05/10 | E14: =IFERROR(C14/D14,"")
B15: 06/10 – 12/10 | E15: =IFERROR(C15/D15,"")
B16: 13/10 – 19/10 | E16: =IFERROR(C16/D16,"")
B17: TOTAL / PROMEDIO | C17: =SUM(C4:C16) -> 0 | D17: =SUM(D4:D16) -> 0 | E17: =IFERROR(C17/D17,"") | F17: =SUM(F4:F16) -> 0 | G17: =IFERROR(AVERAGE(G4:G16),"") | H17: =SUM(H4:H16) -> 0
B19: INSTRUCCIONES: Llenar cada lunes. Celdas en AMARILLO son de ingreso manual. Las celdas blancas se calculan solas. OT estimadas = total de trabajos que entraron esa semana (los que registró en el sistema + los que eventualmente olvidó).
B20: META: % uso del sistema ≥ 90% en las últimas 4 semanas antes de octubre. Deuda cobrada acumulada es el argumento de venta más poderoso para las demos.

Sheet Resumen del Piloto
B1: SINCRODENT — Resumen del Piloto
B3: Semanas registradas | C3: =COUNTA('Registro Semanal'!C4:C16) -> 0
B4: Total OT registradas | C4: ='Registro Semanal'!C17 -> 0
B5: Total OT estimadas | C5: ='Registro Semanal'!D17 -> 0
B6: % uso del sistema | C6: =IFERROR('Registro Semanal'!C17/'Registro Semanal'!D17,"")
B7: Deuda total cobrada | C7: ='Registro Semanal'!F17 -> 0
B8: Minutos ahorrados | C8: ='Registro Semanal'!H17 -> 0
B10: SEÑALES DE ÉXITO: % uso ≥ 90% + deuda cobrada > $0 + papá no vuelve al WhatsApp.
B11: SEÑAL DE PIVOTE: Si % uso cae bajo 70% dos semanas seguidas → problema de hábito, no de software. Simplificar el flujo.
B13: Semana | C13: % Uso sistema | D13: Deuda cobrada | E13: Min. ahorrados | F13: Tendencia uso
B14: ='Registro Semanal'!B4 -> 21/07 – 27/07 | C14: ='Registro Semanal'!E4 | D14: ='Registro Semanal'!F4 -> 0 | E14: ='Registro Semanal'!H4 -> 0 | F14: —
B15: ='Registro Semanal'!B5 -> 28/07 – 03/08 | C15: ='Registro Semanal'!E5 | D15: ='Registro Semanal'!F5 -> 0 | E15: ='Registro Semanal'!H5 -> 0 | F15: =IFERROR(IF(C15>C14,"▲ Sube",IF(C15<C14,"▼ Baja","→ Igual")),"—") -> → Igual
B16: ='Registro Semanal'!B6 -> 04/08 – 10/08 | C16: ='Registro Semanal'!E6 | D16: ='Registro Semanal'!F6 -> 0 | E16: ='Registro Semanal'!H6 -> 0 | F16: =IFERROR(IF(C16>C15,"▲ Sube",IF(C16<C15,"▼ Baja","→ Igual")),"—") -> → Igual
B17: ='Registro Semanal'!B7 -> 11/08 – 17/08 | C17: ='Registro Semanal'!E7 | D17: ='Registro Semanal'!F7 -> 0 | E17: ='Registro Semanal'!H7 -> 0 | F17: =IFERROR(IF(C17>C16,"▲ Sube",IF(C17<C16,"▼ Baja","→ Igual")),"—") -> → Igual
B18: ='Registro Semanal'!B8 -> 18/08 – 24/08 | C18: ='Registro Semanal'!E8 | D18: ='Registro Semanal'!F8 -> 0 | E18: ='Registro Semanal'!H8 -> 0 | F18: =IFERROR(IF(C18>C17,"▲ Sube",IF(C18<C17,"▼ Baja","→ Igual")),"—") -> → Igual
B19: ='Registro Semanal'!B9 -> 25/08 – 31/08 | C19: ='Registro Semanal'!E9 | D19: ='Registro Semanal'!F9 -> 0 | E19: ='Registro Semanal'!H9 -> 0 | F19: =IFERROR(IF(C19>C18,"▲ Sube",IF(C19<C18,"▼ Baja","→ Igual")),"—") -> → Igual
B20: ='Registro Semanal'!B10 -> 01/09 – 07/09 | C20: ='Registro Semanal'!E10 | D20: ='Registro Semanal'!F10 -> 0 | E20: ='Registro Semanal'!H10 -> 0 | F20: =IFERROR(IF(C20>C19,"▲ Sube",IF(C20<C19,"▼ Baja","→ Igual")),"—") -> → Igual
B21: ='Registro Semanal'!B11 -> 08/09 – 14/09 | C21: ='Registro Semanal'!E11 | D21: ='Registro Semanal'!F11 -> 0 | E21: ='Registro Semanal'!H11 -> 0 | F21: =IFERROR(IF(C21>C20,"▲ Sube",IF(C21<C20,"▼ Baja","→ Igual")),"—") -> → Igual
B22: ='Registro Semanal'!B12 -> 15/09 – 21/09 | C22: ='Registro Semanal'!E12 | D22: ='Registro Semanal'!F12 -> 0 | E22: ='Registro Semanal'!H12 -> 0 | F22: =IFERROR(IF(C22>C21,"▲ Sube",IF(C22<C21,"▼ Baja","→ Igual")),"—") -> → Igual
B23: ='Registro Semanal'!B13 -> 22/09 – 28/09 | C23: ='Registro Semanal'!E13 | D23: ='Registro Semanal'!F13 -> 0 | E23: ='Registro Semanal'!H13 -> 0 | F23: =IFERROR(IF(C23>C22,"▲ Sube",IF(C23<C22,"▼ Baja","→ Igual")),"—") -> → Igual
B24: ='Registro Semanal'!B14 -> 29/09 – 05/10 | C24: ='Registro Semanal'!E14 | D24: ='Registro Semanal'!F14 -> 0 | E24: ='Registro Semanal'!H14 -> 0 | F24: =IFERROR(IF(C24>C23,"▲ Sube",IF(C24<C23,"▼ Baja","→ Igual")),"—") -> → Igual
B25: ='Registro Semanal'!B15 -> 06/10 – 12/10 | C25: ='Registro Semanal'!E15 | D25: ='Registro Semanal'!F15 -> 0 | E25: ='Registro Semanal'!H15 -> 0 | F25: =IFERROR(IF(C25>C24,"▲ Sube",IF(C25<C24,"▼ Baja","→ Igual")),"—") -> → Igual
B26: ='Registro Semanal'!B16 -> 13/10 – 19/10 | C26: ='Registro Semanal'!E16 | D26: ='Registro Semanal'!F16 -> 0 | E26: ='Registro Semanal'!H16 -> 0 | F26: =IFERROR(IF(C26>C25,"▲ Sube",IF(C26<C25,"▼ Baja","→ Igual")),"—") -> → Igual

Sheet Caso de Éxito (Pitch)
B1: CASO DE ÉXITO — Laboratorio Piloto
B2: Este resumen es el argumento central del pitch para demos con otros laboratorios en octubre
B4: MÉTRICA | C4: ANTES | D4: DESPUÉS (3 meses) | E4: DIFERENCIA
B5: Tiempo sumando deudas | C5: ~__ min/semana (rellenar) | D5: ~__ min/semana | E5: =IFERROR(C5-D5,"Pendiente") -> Pendiente
B6: Deuda total no cobrada | C6: ~$________ (rellenar) | D6: ~$________ | E6: =IFERROR(D6-C6,"Pendiente") -> Pendiente
B7: OT perdidas por mes | C7: __ OT/mes (rellenar) | D7: __ OT/mes | E7: =IFERROR(C7-D7,"Pendiente") -> Pendiente
B8: Tiempo generando cobros | C8: ~__ horas/mes (manual) | D8: ~__ min/mes (1 clic) | E8: —
B9: Instrucciones incompletas | C9: Frecuente — llamar al dentista | D9: Reducido con portal | E9: —
B11: 📌 CITA PARA EL PITCH: "Antes tardaba __ minutos por semana sumando lo que le debían. Ahora lo ve en 2 segundos. Y en 3 meses cobró $________ que antes se le perdían."
B13: INSTRUCCIONES: Rellenar las celdas en AZUL con los datos reales al final del piloto (septiembre 2026). Las celdas amarillas se llenan con el dato final después de 3 meses de uso.
